Workbook
Name IQ_CH: 110000
Name IQ_CQ: 5000
Name IQ_CY: 10000
Name IQ_DAILY: 500000
Name IQ_FH: 100000
Name IQ_FQ: 500
Name IQ_FY: 1000
Name IQ_LTM: 2000
Name IQ_MONTH: 15000
Name IQ_NTM: 6000
Name IQ_WEEK: 50000
Name IQ_YTD: 3000

Sheet PRDcalc (2)
A1: ****** Plant Redispatch calculator ******* !!!! Please - edit only columns 'Status' & 'Pnew' !!!!!***
A3: Flows
A4: NN | B4: LFCaseName | C4: Monitored Element | I4: Contingency | J4: Limit | K4: FlowInit | L4: FlowRes | M4: FlowChange | N4: Loading
A5: 1 | C5: 115711 SOMERSET 115 115714 DIGHTON_U6 115 1 | I5: BF_BRGWTR_13 | J5: 206 | K5: -9.4 | L5: ='PRDcalc (2)'!K5+'PRDcalc (2)'!M5 -> -9.4 | M5: =S13 -> 0 | N5: ='PRDcalc (2)'!L5/'PRDcalc (2)'!J5 -> -0.045631068
A6: 2 | C6: 115711 SOMERSET 115 115714 DIGHTON_U6 115 1 | I6: Base Case | J6: 191 | K6: -28.8 | L6: ='PRDcalc (2)'!K6+'PRDcalc (2)'!M6 -> -28.8 | M6: =T13 -> 0 | N6: ='PRDcalc (2)'!L6/'PRDcalc (2)'!J6 -> -0.15078534
A7: 3 | C7: 115711 SOMERSET 115 115714 DIGHTON_U6 115 1 | I7: LN_327 | J7: 206 | K7: -7.1 | L7: ='PRDcalc (2)'!K7+'PRDcalc (2)'!M7 -> -7.1 | M7: =U13 -> 0 | N7: ='PRDcalc (2)'!L7/'PRDcalc (2)'!J7 -> -0.034466019
A8: 4 | C8: 115711 SOMERSET 115 115714 DIGHTON_U6 115 1 | I8: BO_BELL_0320 | J8: 206 | K8: -0.1 | L8: ='PRDcalc (2)'!K8+'PRDcalc (2)'!M8 -> -0.1 | M8: =V13 -> 0 | N8: ='PRDcalc (2)'!L8/'PRDcalc (2)'!J8 -> -0.00048543689
A9: 5 | C9: 115711 SOMERSET 115 115714 DIGHTON_U6 115 1 | I9: BF_WMDWY_103 | J9: 206 | K9: -4.9 | L9: ='PRDcalc (2)'!K9+'PRDcalc (2)'!M9 -> -4.9 | M9: =W13 -> 0 | N9: ='PRDcalc (2)'!L9/'PRDcalc (2)'!J9 -> -0.023786408
A10: 6 | C10: 115711 SOMERSET 115 115714 DIGHTON_U6 115 1 | I10: BF_BERY_2703 | J10: 206 | K10: -7.7 | L10: ='PRDcalc (2)'!K10+'PRDcalc (2)'!M10 -> -7.7 | M10: =X13 -> 0 | N10: ='PRDcalc (2)'!L10/'PRDcalc (2)'!J10 -> -0.037378641
A13: Dispatch | J13: =SUM(J15:J715) -> 0 | S13: =SUM(S15:S715) -> 0 | T13: =SUM(T15:T715) -> 0 | U13: =SUM(U15:U715) -> 0 | V13: =SUM(V15:V715) -> 0 | W13: =SUM(W15:W715) -> 0 | X13: =SUM(X15:X715) -> 0
A14: Bus# | B14: Bus Name | C14: Volt | D14: Area | E14: Zone | F14: Pgen or Pload | G14: PMin Gen | H14: PMax Gen | I14: Pnew | J14: Pdelta | K14: Pavail | L14: Dfax_1 | M14: Dfax_2 | N14: Dfax_3 | O14: Dfax_4 | P14: Dfax_5 | Q14: Dfax_6 | R14: --- | S14: Impact_1 | T14: Impact_2 | U14: Impact_3 | V14: Impact_4 | W14: Impact_5 | X14: Impact_6
A15: 917355 | B15: DaymarkGe~80 | C15: 115 | D15: 101 | E15: 1410 | F15: 11.8 | G15: 0 | H15: 11.8 | I15: 11.8 | J15: =I15-F15 -> 0 | K15: =H15-I15 -> 0 | L15: 0.07886 | M15: 0.06949 | N15: 0.07694 | O15: 0.07908 | P15: 0.07934 | Q15: 0.07939 | S15: =L15*J15 -> 0 | T15: =M15*J15 -> 0 | U15: =N15*J15 -> 0 | V15: =O15*J15 -> 0 | W15: =P15*J15 -> 0 | X15: =Q15*J15 -> 0
A16: 117434 | B16: TIVERTON GT | C16: 18 | D16: 101 | E16: 1410 | F16: 173.41 | G16: 0 | H16: 173.41 | I16: 173.41 | J16: =I16-F16 -> 0 | K16: =H16-I16 -> 0 | L16: 0.07858 | M16: 0.06923 | N16: 0.07667 | O16: 0.07879 | P16: 0.07905 | Q16: 0.0791 | S16: =L16*J16 -> 0 | T16: =M16*J16 -> 0 | U16: =N16*J16 -> 0 | V16: =O16*J16 -> 0 | W16: =P16*J16 -> 0 | X16: =Q16*J16 -> 0
A17: 117435 | B17: TIVERTON ST | C17: 13.8 | D17: 101 | E17: 1410 | F17: 91.97 | G17: 0 | H17: 91.97 | I17: 91.97 | J17: =I17-F17 -> 0 | K17: =H17-I17 -> 0 | L17: 0.07858 | M17: 0.06923 | N17: 0.07667 | O17: 0.07879 | P17: 0.07905 | Q17: 0.0791 | S17: =L17*J17 -> 0 | T17: =M17*J17 -> 0 | U17: =N17*J17 -> 0 | V17: =O17*J17 -> 0 | W17: =P17*J17 -> 0 | X17: =Q17*J17 -> 0
A18: 918192 | B18: DaymarkGe~50 | C18: 115 | D18: 101 | E18: 1420 | F18: 21 | G18: 0 | H18: 21 | I18: 21 | J18: =I18-F18 -> 0 | K18: =H18-I18 -> 0 | L18: 0.07856 | M18: 0.06921 | N18: 0.07665 | O18: 0.07877 | P18: 0.07903 | Q18: 0.07908 | S18: =L18*J18 -> 0 | T18: =M18*J18 -> 0 | U18: =N18*J18 -> 0 | V18: =O18*J18 -> 0 | W18: =P18*J18 -> 0 | X18: =Q18*J18 -> 0
A19: 915728 | B19: DaymarkGe~12 | C19: 115 | D19: 101 | E19: 1160 | F19: 112.11 | G19: 0 | H19: 880 | I19: 112.11 | J19: =I19-F19 -> 0 | K19: =H19-I19 -> 767.89 | L19: 0.07223 | M19: 0.0636 | N19: 0.07052 | O19: 0.07247 | P19: 0.0727 | Q19: 0.07277 | S19: =L19*J19 -> 0 | T19: =M19*J19 -> 0 | U19: =N19*J19 -> 0 | V19: =O19*J19 -> 0 | W19: =P19*J19 -> 0 | X19: =Q19*J19 -> 0
A20: 995728 | B20: Daym_BELL ~1 | C20: 115 | D20: 101 | E20: 1160 | F20: 0 | G20: 0 | H20: 0 | I20: 0 | J20: =I20-F20 -> 0 | K20: =H20-I20 -> 0 | L20: 0.07223 | M20: 0.0636 | N20: 0.07052 | O20: 0.07247 | P20: 0.0727 | Q20: 0.07277 | S20: =L20*J20 -> 0 | T20: =M20*J20 -> 0 | U20: =N20*J20 -> 0 | V20: =O20*J20 -> 0 | W20: =P20*J20 -> 0 | X20: =Q20*J20 -> 0
A21: 917340 | B21: DaymarkGe~90 | C21: 115 | D21: 101 | E21: 1410 | F21: 6.93 | G21: 0 | H21: 6.93 | I21: 6.93 | J21: =I21-F21 -> 0 | K21: =H21-I21 -> 0 | L21: 0.05346 | M21: 0.04688 | N21: 0.05447 | O21: 0.05648 | P21: 0.05691 | Q21: 0.05682 | S21: =L21*J21 -> 0 | T21: =M21*J21 -> 0 | U21: =N21*J21 -> 0 | V21: =O21*J21 -> 0 | W21: =P21*J21 -> 0 | X21: =Q21*J21 -> 0
A22: 911265 | B22: DaymarkGe~40 | C22: 115 | D22: 101 | E22: 1050 | F22: 30.37 | G22: 0 | H22: 30.37 | I22: 30.37 | J22: =I22-F22 -> 0 | K22: =H22-I22 -> 0 | L22: 0.04814 | M22: 0.04223 | N22: 0.04719 | O22: 0.04848 | P22: 0.04856 | Q22: 0.04871 | S22: =L22*J22 -> 0 | T22: =M22*J22 -> 0 | U22: =N22*J22 -> 0 | V22: =O22*J22 -> 0 | W22: =P22*J22 -> 0 | X22: =Q22*J22 -> 0
A23: 911267 | B23: DaymarkGe~27 | C23: 115 | D23: 101 | E23: 1050 | F23: 0 | G23: 0 | H23: 0 | I23: 0 | J23: =I23-F23 -> 0 | K23: =H23-I23 -> 0 | L23: 0.04814 | M23: 0.04223 | N23: 0.04719 | O23: 0.04848 | P23: 0.04856 | Q23: 0.04871 | S23: =L23*J23 -> 0 | T23: =M23*J23 -> 0 | U23: =N23*J23 -> 0 | V23: =O23*J23 -> 0 | W23: =P23*J23 -> 0 | X23: =Q23*J23 -> 0
A24: 111316 | B24: DARTMTH PWRA | C24: 13.8 | D24: 101 | E24: 1053 | F24: 35.54 | G24: 0 | H24: 35.54 | I24: 35.54 | J24: =I24-F24 -> 0 | K24: =H24-I24 -> 0 | L24: 0.04805 | M24: 0.04216 | N24: 0.04711 | O24: 0.04839 | P24: 0.04848 | Q24: 0.04862 | S24: =L24*J24 -> 0 | T24: =M24*J24 -> 0 | U24: =N24*J24 -> 0 | V24: =O24*J24 -> 0 | W24: =P24*J24 -> 0 | X24: =Q24*J24 -> 0
A25: 111317 | B25: DARTMTH PWRB | C25: 13.8 | D25: 101 | E25: 1053 | F25: 21.06 | G25: 0 | H25: 21.3 | I25: 21.06 | J25: =I25-F25 -> 0 | K25: =H25-I25 -> 0.24 | L25: 0.04805 | M25: 0.04216 | N25: 0.04711 | O25: 0.04839 | P25: 0.04848 | Q25: 0.04862 | S25: =L25*J25 -> 0 | T25: =M25*J25 -> 0 | U25: =N25*J25 -> 0 | V25: =O25*J25 -> 0 | W25: =P25*J25 -> 0 | X25: =Q25*J25 -> 0
A26: 911279 | B26: DaymarkGe~30 | C26: 115 | D26: 101 | E26: 1050 | F26: 0 | G26: 0 | H26: 0 | I26: 0 | J26: =I26-F26 -> 0 | K26: =H26-I26 -> 0 | L26: 0.04805 | M26: 0.04216 | N26: 0.04711 | O26: 0.04839 | P26: 0.04848 | Q26: 0.04862 | S26: =L26*J26 -> 0 | T26: =M26*J26 -> 0 | U26: =N26*J26 -> 0 | V26: =O26*J26 -> 0 | W26: =P26*J26 -> 0 | X26: =Q26*J26 -> 0
... A610: 105478 | B610: NEWINGTON_S1 | C610: 18 | D610: 101 | E610: 603 | F610: 208.95 | G610: 0 | H610: 208.95 | I610: 208.95 | J610: =I610-F610 -> 0 | K610: =H610-I610 -> 0 | L610: -0.00316 | M610: -0.00315 | N610: -0.00427 | O610: -0.00501 | P610: -0.00524 | Q610: -0.00498 | S610: =L610*J610 -> 0 | T610: =M610*J610 -> 0 | U610: =N610*J610 -> 0 | V610: =O610*J610 -> 0 | W610: =P610*J610 -> 0 | X610: =Q610*J610 -> 0
A611: 105568 | B611: SEABROOK_G1 | C611: 25 | D611: 101 | E611: 603 | F611: 1134.47 | G611: 0 | H611: 1309.28 | I611: =1134.47 -> 1134.47 | J611: =I611-F611 -> 0 | K611: =H611-I611 -> 174.81 | L611: -0.00329 | M611: -0.00325 | N611: -0.0044 | O611: -0.00513 | P611: -0.00537 | Q611: -0.0051 | S611: =L611*J611 -> 0 | T611: =M611*J611 -> 0 | U611: =N611*J611 -> 0 | V611: =O611*J611 -> 0 | W611: =P611*J611 -> 0 | X611: =Q611*J611 -> 0
A612: 106056 | B612: GRANITE RDG1 | C612: 16 | D612: 101 | E612: 400 | F612: 223.08 | G612: 0 | H612: 223.08 | I612: 223.08 | J612: =I612-F612 -> 0 | K612: =H612-I612 -> 0 | L612: -0.00353 | M612: -0.00343 | N612: -0.00458 | O612: -0.00528 | P612: -0.00555 | Q612: -0.00526 | S612: =L612*J612 -> 0 | T612: =M612*J612 -> 0 | U612: =N612*J612 -> 0 | V612: =O612*J612 -> 0 | W612: =P612*J612 -> 0 | X612: =Q612*J612 -> 0
A613: 106057 | B613: GRANITE RDG2 | C613: 16 | D613: 101 | E613: 400 | F613: 223.08 | G613: 0 | H613: 223.08 | I613: 223.08 | J613: =I613-F613 -> 0 | K613: =H613-I613 -> 0 | L613: -0.00371 | M613: -0.00358 | N613: -0.00475 | O613: -0.00544 | P613: -0.00574 | Q613: -0.00543 | S613: =L613*J613 -> 0 | T613: =M613*J613 -> 0 | U613: =N613*J613 -> 0 | V613: =O613*J613 -> 0 | W613: =P613*J613 -> 0 | X613: =Q613*J613 -> 0
A614: 913968 | B614: DaymarkGe~13 | C614: 115 | D614: 101 | E614: 1120 | F614: 0 | G614: 0 | H614: 0 | I614: 0 | J614: =I614-F614 -> 0 | K614: =H614-I614 -> 0 | L614: -0.00379 | M614: -0.00365 | N614: -0.00486 | O614: -0.00556 | P614: -0.00586 | Q614: -0.00554 | S614: =L614*J614 -> 0 | T614: =M614*J614 -> 0 | U614: =N614*J614 -> 0 | V614: =O614*J614 -> 0 | W614: =P614*J614 -> 0 | X614: =Q614*J614 -> 0
A615: 114069 | B615: WHLABRATR NA | C615: 13.8 | D615: 101 | E615: 1120 | F615: 40 | G615: 0 | H615: 40 | I615: 40 | J615: =I615-F615 -> 0 | K615: =H615-I615 -> 0 | L615: -0.00383 | M615: -0.00369 | N615: -0.0049 | O615: -0.00562 | P615: -0.00592 | Q615: -0.0056 | S615: =L615*J615 -> 0 | T615: =M615*J615 -> 0 | U615: =N615*J615 -> 0 | V615: =O615*J615 -> 0 | W615: =P615*J615 -> 0 | X615: =Q615*J615 -> 0
A616: 114070 | B616: OGDEN-MARTIN | C616: 13.8 | D616: 101 | E616: 1120 | F616: 41.68 | G616: 0 | H616: 41.68 | I616: 41.68 | J616: =I616-F616 -> 0 | K616: =H616-I616 -> 0 | L616: -0.00383 | M616: -0.00369 | N616: -0.0049 | O616: -0.00562 | P616: -0.00592 | Q616: -0.0056 | S616: =L616*J616 -> 0 | T616: =M616*J616 -> 0 | U616: =N616*J616 -> 0 | V616: =O616*J616 -> 0 | W616: =P616*J616 -> 0 | X616: =Q616*J616 -> 0
A617: 114067 | B617: LAWRENCE HYD | C617: 4.16 | D617: 101 | E617: 1120 | F617: 9.4 | G617: 0 | H617: 9.4 | I617: 9.4 | J617: =I617-F617 -> 0 | K617: =H617-I617 -> 0 | L617: -0.00395 | M617: -0.00379 | N617: -0.005 | O617: -0.00571 | P617: -0.00602 | Q617: -0.00569 | S617: =L617*J617 -> 0 | T617: =M617*J617 -> 0 | U617: =N617*J617 -> 0 | V617: =O617*J617 -> 0 | W617: =P617*J617 -> 0 | X617: =Q617*J617 -> 0
A618: 114026 | B618: PERRY ST 3 | C618: 13.8 | D618: 101 | E618: 1120 | F618: 0 | G618: 0 | H618: 0 | I618: 0 | J618: =I618-F618 -> 0 | K618: =H618-I618 -> 0 | L618: -0.00409 | M618: -0.00389 | N618: -0.00512 | O618: -0.00582 | P618: -0.00615 | Q618: -0.00581 | S618: =L618*J618 -> 0 | T618: =M618*J618 -> 0 | U618: =N618*J618 -> 0 | V618: =O618*J618 -> 0 | W618: =P618*J618 -> 0 | X618: =Q618*J618 -> 0
A619: 114047 | B619: LENERGIA CT | C619: 13.8 | D619: 101 | E619: 1120 | F619: 50.43 | G619: 0 | H619: 50.43 | I619: 50.43 | J619: =I619-F619 -> 0 | K619: =H619-I619 -> 0 | L619: -0.00409 | M619: -0.00389 | N619: -0.00512 | O619: -0.00582 | P619: -0.00615 | Q619: -0.00581 | S619: =L619*J619 -> 0 | T619: =M619*J619 -> 0 | U619: =N619*J619 -> 0 | V619: =O619*J619 -> 0 | W619: =P619*J619 -> 0 | X619: =Q619*J619 -> 0
A620: 114048 | B620: LENERGIA ST | C620: 13.8 | D620: 101 | E620: 1120 | F620: 23.57 | G620: 0 | H620: 23.57 | I620: 23.57 | J620: =I620-F620 -> 0 | K620: =H620-I620 -> 0 | L620: -0.00409 | M620: -0.00389 | N620: -0.00512 | O620: -0.00582 | P620: -0.00615 | Q620: -0.00581 | S620: =L620*J620 -> 0 | T620: =M620*J620 -> 0 | U620: =N620*J620 -> 0 | V620: =O620*J620 -> 0 | W620: =P620*J620 -> 0 | X620: =Q620*J620 -> 0
A621: 114085 | B621: BOOT HYD G1 | C621: 4.16 | D621: 101 | E621: 1120 | F621: 0 | G621: 0 | H621: 0 | I621: 0 | J621: =I621-F621 -> 0 | K621: =H621-I621 -> 0 | L621: -0.00409 | M621: -0.00389 | N621: -0.00512 | O621: -0.00582 | P621: -0.00615 | Q621: -0.00581 | S621: =L621*J621 -> 0 | T621: =M621*J621 -> 0 | U621: =N621*J621 -> 0 | V621: =O621*J621 -> 0 | W621: =P621*J621 -> 0 | X621: =Q621*J621 -> 0
A622: 114086 | B622: BOOT HYD G2 | C622: 4.16 | D622: 101 | E622: 1120 | F622: 0 | G622: 0 | H622: 0 | I622: 0 | J622: =I622-F622 -> 0 | K622: =H622-I622 -> 0 | L622: -0.00409 | M622: -0.00389 | N622: -0.00512 | O622: -0.00582 | P622: -0.00615 | Q622: -0.00581 | S622: =L622*J622 -> 0 | T622: =M622*J622 -> 0 | U622: =N622*J622 -> 0 | V622: =O622*J622 -> 0 | W622: =P622*J622 -> 0 | X622: =Q622*J622 -> 0
A623: 910770 | B623: DaymarkGe~98 | C623: 345 | D623: 101 | E623: 1020 | F623: 250 | G623: 0 | H623: 250 | I623: 250 | J623: =I623-F623 -> 0 | K623: =H623-I623 -> 0 | L623: -0.00424 | M623: -0.00458 | N623: -0.00747 | O623: -0.00933 | P623: -0.01177 | Q623: -0.00925 | S623: =L623*J623 -> 0 | T623: =M623*J623 -> 0 | U623: =N623*J623 -> 0 | V623: =O623*J623 -> 0 | W623: =P623*J623 -> 0 | X623: =Q623*J623 -> 0
... A715: 995714 | B715: TJA_Dight | C715: 115 | D715: 101 | E715: 1160 | F715: 0 | G715: 0 | H715: 0 | I715: 0 | J715: =I715-F715 -> 0 | K715: =H715-I715 -> 0 | L715: -0.63052 | M715: -0.62637 | N715: -0.62088 | O715: -0.61938 | P715: -0.61917 | Q715: -0.61914 | S715: =L715*J715 -> 0 | T715: =M715*J715 -> 0 | U715: =N715*J715 -> 0 | V715: =O715*J715 -> 0 | W715: =P715*J715 -> 0 | X715: =Q715*J715 -> 0

Sheet PRDcalc
A1: ****** Plant Redispatch calculator ******* !!!! Please - edit only columns 'Status' & 'Pnew' !!!!!***
A3: Flows
A4: NN | B4: LFCaseName | C4: Monitored Element | I4: Contingency | J4: Limit | K4: FlowInit | L4: FlowRes | M4: FlowChange | N4: Loading
A5: 1 | C5: 115714 DIGHTON_U6 115 115711 SOMERSET 115 1 | I5: NF_U6-4 | J5: 206 | K5: 148.7 | L5: =PRDcalc!K5+PRDcalc!M5 -> 148.7 | M5: =R12 -> 0 | N5: =PRDcalc!L5/PRDcalc!J5 -> 0.72184466
A6: 2 | C6: 115714 DIGHTON_U6 115 115711 SOMERSET 115 1 | I6: BF_JEPSN_L14 | J6: 206 | K6: 33.5 | L6: =PRDcalc!K6+PRDcalc!M6 -> 33.5 | M6: =S12 -> 0 | N6: =PRDcalc!L6/PRDcalc!J6 -> 0.16262136
A7: 3 | C7: 115714 DIGHTON_U6 115 115711 SOMERSET 115 1 | I7: LN_L14 | J7: 206 | K7: 33.5 | L7: =PRDcalc!K7+PRDcalc!M7 -> 33.5 | M7: =T12 -> 0 | N7: =PRDcalc!L7/PRDcalc!J7 -> 0.16262136
A8: 4 | C8: 115714 DIGHTON_U6 115 115711 SOMERSET 115 1 | I8: BF_JEPSN_4T3 | J8: 206 | K8: 32.7 | L8: =PRDcalc!K8+PRDcalc!M8 -> 32.7 | M8: =U12 -> 0 | N8: =PRDcalc!L8/PRDcalc!J8 -> 0.15873786
A9: 5 | C9: 115714 DIGHTON_U6 115 115711 SOMERSET 115 1 | I9: BF_BELLRK_02 | J9: 206 | K9: 32 | L9: =PRDcalc!K9+PRDcalc!M9 -> 32 | M9: =V12 -> 0 | N9: =PRDcalc!L9/PRDcalc!J9 -> 0.15533981
A12: Dispatch | J12: =SUM(J14:J714) -> 0 | R12: =SUM(R14:R714) -> 0 | S12: =SUM(S14:S714) -> 0 | T12: =SUM(T14:T714) -> 0 | U12: =SUM(U14:U714) -> 0 | V12: =SUM(V14:V714) -> 0
A13: Bus# | B13: Bus Name | C13: Volt | D13: Area | E13: Zone | F13: Pgen or Pload | G13: PMin Gen | H13: PMax Gen | I13: Pnew | J13: Pdelta | K13: Pavail | L13: Dfax_1 | M13: Dfax_2 | N13: Dfax_3 | O13: Dfax_4 | P13: Dfax_5 | Q13: --- | R13: Impact_1 | S13: Impact_2 | T13: Impact_3 | U13: Impact_4 | V13: Impact_5
A14: 115742 | B14: DIGHTON PWR | C14: 22 | D14: 101 | E14: 1160 | F14: 168 | G14: 0 | H14: 168 | I14: 168 | J14: =I14-F14 -> 0 | K14: =H14-I14 -> 0 | L14: 0.99934 | M14: 0.57668 | N14: 0.57668 | O14: 0.57665 | P14: 0.57662 | R14: =L14*J14 -> 0 | S14: =M14*J14 -> 0 | T14: =N14*J14 -> 0 | U14: =O14*J14 -> 0 | V14: =P14*J14 -> 0
A15: 995714 | B15: TJA_Dight | C15: 115 | D15: 101 | E15: 1160 | F15: 0 | G15: 0 | H15: 0 | I15: 0 | J15: =I15-F15 -> 0 | K15: =H15-I15 -> 0 | L15: 0.99934 | M15: 0.62026 | N15: 0.62026 | O15: 0.62023 | P15: 0.6202 | R15: =L15*J15 -> 0 | S15: =M15*J15 -> 0 | T15: =N15*J15 -> 0 | U15: =O15*J15 -> 0 | V15: =P15*J15 -> 0
A16: 100351 | B16: KIBBY STRNG1 | C16: 1 | D16: 101 | E16: 144 | F16: 6.03 | G16: 0 | H16: 6.03 | I16: 6.03 | J16: =I16-F16 -> 0 | K16: =H16-I16 -> 0 | L16: -0.00066 | M16: 0.00274 | N16: 0.00274 | O16: 0.00271 | P16: 0.00268 | R16: =L16*J16 -> 0 | S16: =M16*J16 -> 0 | T16: =N16*J16 -> 0 | U16: =O16*J16 -> 0 | V16: =P16*J16 -> 0
A17: 100352 | B17: KIBBY STRNG2 | C17: 1 | D17: 101 | E17: 144 | F17: 0 | G17: 0 | H17: 0 | I17: 0 | J17: =I17-F17 -> 0 | K17: =H17-I17 -> 0 | L17: -0.00066 | M17: 0.00274 | N17: 0.00274 | O17: 0.00271 | P17: 0.00268 | R17: =L17*J17 -> 0 | S17: =M17*J17 -> 0 | T17: =N17*J17 -> 0 | U17: =O17*J17 -> 0 | V17: =P17*J17 -> 0
A18: 100353 | B18: KIBBY STRNG3 | C18: 1 | D18: 101 | E18: 144 | F18: 6.03 | G18: 0 | H18: 6.03 | I18: 6.03 | J18: =I18-F18 -> 0 | K18: =H18-I18 -> 0 | L18: -0.00066 | M18: 0.00274 | N18: 0.00274 | O18: 0.00271 | P18: 0.00268 | R18: =L18*J18 -> 0 | S18: =M18*J18 -> 0 | T18: =N18*J18 -> 0 | U18: =O18*J18 -> 0 | V18: =P18*J18 -> 0
A19: 100354 | B19: KIBBY STRNG4 | C19: 1 | D19: 101 | E19: 144 | F19: 4.17 | G19: 0 | H19: 4.17 | I19: 4.17 | J19: =I19-F19 -> 0 | K19: =H19-I19 -> 0 | L19: -0.00066 | M19: 0.00274 | N19: 0.00274 | O19: 0.00271 | P19: 0.00268 | R19: =L19*J19 -> 0 | S19: =M19*J19 -> 0 | T19: =N19*J19 -> 0 | U19: =O19*J19 -> 0 | V19: =P19*J19 -> 0
A20: 100355 | B20: KIBBY W DVAR | C20: 34.5 | D20: 101 | E20: 144 | F20: 0 | G20: 0 | H20: 0 | I20: 0 | J20: =I20-F20 -> 0 | K20: =H20-I20 -> 0 | L20: -0.00066 | M20: 0.00274 | N20: 0.00274 | O20: 0.00271 | P20: 0.00268 | R20: =L20*J20 -> 0 | S20: =M20*J20 -> 0 | T20: =N20*J20 -> 0 | U20: =O20*J20 -> 0 | V20: =P20*J20 -> 0
A21: 100356 | B21: HARRIS HY T1 | C21: 13.8 | D21: 101 | E21: 113 | F21: 17 | G21: 0 | H21: 17 | I21: 17 | J21: =I21-F21 -> 0 | K21: =H21-I21 -> 0 | L21: -0.00066 | M21: 0.00274 | N21: 0.00274 | O21: 0.00271 | P21: 0.00268 | R21: =L21*J21 -> 0 | S21: =M21*J21 -> 0 | T21: =N21*J21 -> 0 | U21: =O21*J21 -> 0 | V21: =P21*J21 -> 0
A22: 100357 | B22: HARRIS HY T2 | C22: 13.8 | D22: 101 | E22: 113 | F22: 0 | G22: 0 | H22: 0 | I22: 0 | J22: =I22-F22 -> 0 | K22: =H22-I22 -> 0 | L22: -0.00066 | M22: 0.00274 | N22: 0.00274 | O22: 0.00271 | P22: 0.00268 | R22: =L22*J22 -> 0 | S22: =M22*J22 -> 0 | T22: =N22*J22 -> 0 | U22: =O22*J22 -> 0 | V22: =P22*J22 -> 0
A23: 100358 | B23: HARRIS HY T3 | C23: 13.8 | D23: 101 | E23: 113 | F23: 0 | G23: 0 | H23: 0 | I23: 0 | J23: =I23-F23 -> 0 | K23: =H23-I23 -> 0 | L23: -0.00066 | M23: 0.00274 | N23: 0.00274 | O23: 0.00271 | P23: 0.00268 | R23: =L23*J23 -> 0 | S23: =M23*J23 -> 0 | T23: =N23*J23 -> 0 | U23: =O23*J23 -> 0 | V23: =P23*J23 -> 0
A24: 100359 | B24: VERJAY RILEY | C24: 2.4 | D24: 101 | E24: 114 | F24: 0 | G24: 0 | H24: 0 | I24: 0 | J24: =I24-F24 -> 0 | K24: =H24-I24 -> 0 | L24: -0.00066 | M24: 0.00274 | N24: 0.00274 | O24: 0.00271 | P24: 0.00268 | R24: =L24*J24 -> 0 | S24: =M24*J24 -> 0 | T24: =N24*J24 -> 0 | U24: =O24*J24 -> 0 | V24: =P24*J24 -> 0
A25: 100360 | B25: WYMAN HYD#1 | C25: 13.8 | D25: 101 | E25: 113 | F25: 29.01 | G25: 0 | H25: 29.01 | I25: 29.01 | J25: =I25-F25 -> 0 | K25: =H25-I25 -> 0 | L25: -0.00066 | M25: 0.00274 | N25: 0.00274 | O25: 0.00271 | P25: 0.00268 | R25: =L25*J25 -> 0 | S25: =M25*J25 -> 0 | T25: =N25*J25 -> 0 | U25: =O25*J25 -> 0 | V25: =P25*J25 -> 0
... A356: 113085 | B356: WENDELL DEP | C356: 13.8 | D356: 101 | E356: 1100 | F356: 0 | G356: 0 | H356: 0 | I356: 0 | J356: =I356-F356 -> 0 | K356: =H356-I356 -> 0 | L356: -0.00066 | M356: -0.00184 | N356: -0.00184 | O356: -0.00187 | P356: -0.0019 | R356: =L356*J356 -> 0 | S356: =M356*J356 -> 0 | T356: =N356*J356 -> 0 | U356: =O356*J356 -> 0 | V356: =P356*J356 -> 0
A357: 113096 | B357: BEARSWAMP 1 | C357: 13.8 | D357: 101 | E357: 1100 | F357: 331.5 | G357: 0 | H357: 331.5 | I357: =331.5 -> 331.5 | J357: =I357-F357 -> 0 | K357: =H357-I357 -> 0 | L357: -0.00066 | M357: -0.00146 | N357: -0.00146 | O357: -0.00149 | P357: -0.00151 | R357: =L357*J357 -> 0 | S357: =M357*J357 -> 0 | T357: =N357*J357 -> 0 | U357: =O357*J357 -> 0 | V357: =P357*J357 -> 0
A358: 113097 | B358: BEARSWAMP 2 | C358: 13.8 | D358: 101 | E358: 1100 | F358: 331.5 | G358: 0 | H358: 331.5 | I358: 331.5 | J358: =I358-F358 -> 0 | K358: =H358-I358 -> 0 | L358: -0.00066 | M358: -0.00146 | N358: -0.00146 | O358: -0.00149 | P358: -0.00151 | R358: =L358*J358 -> 0 | S358: =M358*J358 -> 0 | T358: =N358*J358 -> 0 | U358: =O358*J358 -> 0 | V358: =P358*J358 -> 0
A359: 113098 | B359: DEERFIELD 2G | C359: 2.4 | D359: 101 | E359: 1100 | F359: 0 | G359: 0 | H359: 0 | I359: 0 | J359: =I359-F359 -> 0 | K359: =H359-I359 -> 0 | L359: -0.00066 | M359: -0.00163 | N359: -0.00163 | O359: -0.00166 | P359: -0.00169 | R359: =L359*J359 -> 0 | S359: =M359*J359 -> 0 | T359: =N359*J359 -> 0 | U359: =O359*J359 -> 0 | V359: =P359*J359 -> 0
A360: 113099 | B360: DEERFIELD 3G | C360: 2.4 | D360: 101 | E360: 1100 | F360: 0 | G360: 0 | H360: 0 | I360: 0 | J360: =I360-F360 -> 0 | K360: =H360-I360 -> 0 | L360: -0.00066 | M360: -0.00158 | N360: -0.00158 | O360: -0.00161 | P360: -0.00164 | R360: =L360*J360 -> 0 | S360: =M360*J360 -> 0 | T360: =N360*J360 -> 0 | U360: =O360*J360 -> 0 | V360: =P360*J360 -> 0
A361: 113100 | B361: DEERFIELD 4G | C361: 2.4 | D361: 101 | E361: 1100 | F361: 0 | G361: 0 | H361: 0 | I361: 0 | J361: =I361-F361 -> 0 | K361: =H361-I361 -> 0 | L361: -0.00066 | M361: -0.00154 | N361: -0.00154 | O361: -0.00157 | P361: -0.0016 | R361: =L361*J361 -> 0 | S361: =M361*J361 -> 0 | T361: =N361*J361 -> 0 | U361: =O361*J361 -> 0 | V361: =P361*J361 -> 0
A362: 113101 | B362: DEERFIELD 5G | C362: 13.8 | D362: 101 | E362: 1100 | F362: 0 | G362: 0 | H362: 0 | I362: 0 | J362: =I362-F362 -> 0 | K362: =H362-I362 -> 0 | L362: -0.00066 | M362: -0.00173 | N362: -0.00173 | O362: -0.00176 | P362: -0.00179 | R362: =L362*J362 -> 0 | S362: =M362*J362 -> 0 | T362: =N362*J362 -> 0 | U362: =O362*J362 -> 0 | V362: =P362*J362 -> 0
A363: 113102 | B363: FIFE BROOK | C363: 13.8 | D363: 101 | E363: 1100 | F363: 9.9 | G363: 0 | H363: 9.9 | I363: 9.9 | J363: =I363-F363 -> 0 | K363: =H363-I363 -> 0 | L363: -0.00066 | M363: -0.00173 | N363: -0.00173 | O363: -0.00176 | P363: -0.00179 | R363: =L363*J363 -> 0 | S363: =M363*J363 -> 0 | T363: =N363*J363 -> 0 | U363: =O363*J363 -> 0 | V363: =P363*J363 -> 0
A364: 113104 | B364: SHERMAN HYD | C364: 2.4 | D364: 101 | E364: 1100 | F364: 0 | G364: 0 | H364: 0 | I364: 0 | J364: =I364-F364 -> 0 | K364: =H364-I364 -> 0 | L364: -0.00066 | M364: -0.00175 | N364: -0.00175 | O364: -0.00178 | P364: -0.0018 | R364: =L364*J364 -> 0 | S364: =M364*J364 -> 0 | T364: =N364*J364 -> 0 | U364: =O364*J364 -> 0 | V364: =P364*J364 -> 0
A365: 113123 | B365: HOOSAC CLR1 | C365: 0.69 | D365: 101 | E365: 1100 | F365: 0 | G365: 0 | H365: 0 | I365: 0 | J365: =I365-F365 -> 0 | K365: =H365-I365 -> 0 | L365: -0.00066 | M365: -0.00174 | N365: -0.00174 | O365: -0.00177 | P365: -0.00179 | R365: =L365*J365 -> 0 | S365: =M365*J365 -> 0 | T365: =N365*J365 -> 0 | U365: =O365*J365 -> 0 | V365: =P365*J365 -> 0
A366: 113125 | B366: HOOSAC CLR2 | C366: 0.69 | D366: 101 | E366: 1100 | F366: 0 | G366: 0 | H366: 0 | I366: 0 | J366: =I366-F366 -> 0 | K366: =H366-I366 -> 0 | L366: -0.00066 | M366: -0.00174 | N366: -0.00174 | O366: -0.00177 | P366: -0.00179 | R366: =L366*J366 -> 0 | S366: =M366*J366 -> 0 | T366: =N366*J366 -> 0 | U366: =O366*J366 -> 0 | V366: =P366*J366 -> 0
A367: 113128 | B367: WARREN_A | C367: 0.34 | D367: 101 | E367: 1100 | F367: 0 | G367: 0 | H367: 0 | I367: 0 | J367: =I367-F367 -> 0 | K367: =H367-I367 -> 0 | L367: -0.00066 | M367: -0.00185 | N367: -0.00185 | O367: -0.00188 | P367: -0.0019 | R367: =L367*J367 -> 0 | S367: =M367*J367 -> 0 | T367: =N367*J367 -> 0 | U367: =O367*J367 -> 0 | V367: =P367*J367 -> 0
A368: 113129 | B368: WARREN_B | C368: 0.34 | D368: 101 | E368: 1100 | F368: 0 | G368: 0 | H368: 0 | I368: 0 | J368: =I368-F368 -> 0 | K368: =H368-I368 -> 0 | L368: -0.00066 | M368: -0.00185 | N368: -0.00185 | O368: -0.00188 | P368: -0.0019 | R368: =L368*J368 -> 0 | S368: =M368*J368 -> 0 | T368: =N368*J368 -> 0 | U368: =O368*J368 -> 0 | V368: =P368*J368 -> 0
A369: 113130 | B369: WARREN_C | C369: 0.36 | D369: 101 | E369: 1100 | F369: 0 | G369: 0 | H369: 0 | I369: 0 | J369: =I369-F369 -> 0 | K369: =H369-I369 -> 0 | L369: -0.00066 | M369: -0.00185 | N369: -0.00185 | O369: -0.00188 | P369: -0.0019 | R369: =L369*J369 -> 0 | S369: =M369*J369 -> 0 | T369: =N369*J369 -> 0 | U369: =O369*J369 -> 0 | V369: =P369*J369 -> 0
... A378: 113404 | B378: WMI MILLBURY | C378: 13.8 | D378: 101 | E378: 1110 | F378: 40.94 | G378: 0 | H378: 40.94 | I378: 40.94 | J378: =I378-F378 -> 0 | K378: =H378-I378 -> 0 | L378: -0.00066 | M378: -0.0041 | N378: -0.0041 | O378: -0.00413 | P378: -0.00415 | R378: =L378*J378 -> 0 | S378: =M378*J378 -> 0 | T378: =N378*J378 -> 0 | U378: =O378*J378 -> 0 | V378: =P378*J378 -> 0
A379: 113405 | B379: MILLENIUM CT | C379: 16 | D379: 101 | E379: 1110 | F379: 228.56 | G379: 0 | H379: 228.56 | I379: =228.56 -> 228.56 | J379: =I379-F379 -> 0 | K379: =H379-I379 -> 0 | L379: -0.00066 | M379: -0.0016 | N379: -0.0016 | O379: -0.00163 | P379: -0.00165 | R379: =L379*J379 -> 0 | S379: =M379*J379 -> 0 | T379: =N379*J379 -> 0 | U379: =O379*J379 -> 0 | V379: =P379*J379 -> 0
A380: 113406 | B380: MILLENIUM ST | C380: 13.8 | D380: 101 | E380: 1110 | F380: 102.44 | G380: 0 | H380: 102.44 | I380: 102.44 | J380: =I380-F380 -> 0 | K380: =H380-I380 -> 0 | L380: -0.00066 | M380: -0.0016 | N380: -0.0016 | O380: -0.00163 | P380: -0.00165 | R380: =L380*J380 -> 0 | S380: =M380*J380 -> 0 | T380: =N380*J380 -> 0 | U380: =O380*J380 -> 0 | V380: =P380*J380 -> 0
A381: 113429 | B381: FRENCH_B1 | C381: 0.48 | D381: 101 | E381: 1110 | F381: 0 | G381: 0 | H381: 0 | I381: 0 | J381: =I381-F381 -> 0 | K381: =H381-I381 -> 0 | L381: -0.00066 | M381: -0.00262 | N381: -0.00262 | O381: -0.00265 | P381: -0.00268 | R381: =L381*J381 -> 0 | S381: =M381*J381 -> 0 | T381: =N381*J381 -> 0 | U381: =O381*J381 -> 0 | V381: =P381*J381 -> 0
A382: 113431 | B382: FRENCH_A1 | C382: 0.48 | D382: 101 | E382: 1110 | F382: 0 | G382: 0 | H382: 0 | I382: 0 | J382: =I382-F382 -> 0 | K382: =H382-I382 -> 0 | L382: -0.00066 | M382: -0.00262 | N382: -0.00262 | O382: -0.00265 | P382: -0.00268 | R382: =L382*J382 -> 0 | S382: =M382*J382 -> 0 | T382: =N382*J382 -> 0 | U382: =O382*J382 -> 0 | V382: =P382*J382 -> 0
A383: 113432 | B383: FRENCH_A2 | C383: 0.48 | D383: 101 | E383: 1110 | F383: 0 | G383: 0 | H383: 0 | I383: 0 | J383: =I383-F383 -> 0 | K383: =H383-I383 -> 0 | L383: -0.00066 | M383: -0.00262 | N383: -0.00262 | O383: -0.00265 | P383: -0.00268 | R383: =L383*J383 -> 0 | S383: =M383*J383 -> 0 | T383: =N383*J383 -> 0 | U383: =O383*J383 -> 0 | V383: =P383*J383 -> 0
A384: 113444 | B384: QP698 | C384: 0.48 | D384: 101 | E384: 1110 | F384: 0 | G384: 0 | H384: 0 | I384: 0 | J384: =I384-F384 -> 0 | K384: =H384-I384 -> 0 | L384: -0.00066 | M384: 0.00057 | N384: 0.00057 | O384: 0.00053 | P384: 0.00051 | R384: =L384*J384 -> 0 | S384: =M384*J384 -> 0 | T384: =N384*J384 -> 0 | U384: =O384*J384 -> 0 | V384: =P384*J384 -> 0
A385: 113451 | B385: CHINOOK_PV | C385: 0.6 | D385: 101 | E385: 1110 | F385: 0 | G385: 0 | H385: 0 | I385: 0 | J385: =I385-F385 -> 0 | K385: =H385-I385 -> 0 | L385: -0.00066 | M385: 0.00067 | N385: 0.00067 | O385: 0.00064 | P385: 0.00061 | R385: =L385*J385 -> 0 | S385: =M385*J385 -> 0 | T385: =N385*J385 -> 0 | U385: =O385*J385 -> 0 | V385: =P385*J385 -> 0
A386: 113877 | B386: PINETREE PWR | C386: 13.8 | D386: 101 | E386: 1206 | F386: 0 | G386: 0 | H386: 0 | I386: 0 | J386: =I386-F386 -> 0 | K386: =H386-I386 -> 0 | L386: -0.00066 | M386: 0.00051 | N386: 0.00051 | O386: 0.00048 | P386: 0.00045 | R386: =L386*J386 -> 0 | S386: =M386*J386 -> 0 | T386: =N386*J386 -> 0 | U386: =O386*J386 -> 0 | V386: =P386*J386 -> 0
A387: 113889 | B387: PRINCETON | C387: 13.8 | D387: 101 | E387: 1208 | F387: 0 | G387: 0 | H387: 0 | I387: 0 | J387: =I387-F387 -> 0 | K387: =H387-I387 -> 0 | L387: -0.00066 | M387: 7e-05 | N387: 7e-05 | O387: 4e-05 | P387: 1e-05 | R387: =L387*J387 -> 0 | S387: =M387*J387 -> 0 | T387: =N387*J387 -> 0 | U387: =O387*J387 -> 0 | V387: =P387*J387 -> 0
A388: 113894 | B388: STERLING T2 | C388: 13.8 | D388: 101 | E388: 1210 | F388: 0 | G388: 0 | H388: 0 | I388: 0 | J388: =I388-F388 -> 0 | K388: =H388-I388 -> 0 | L388: -0.00066 | M388: 0.00037 | N388: 0.00037 | O388: 0.00034 | P388: 0.00032 | R388: =L388*J388 -> 0 | S388: =M388*J388 -> 0 | T388: =N388*J388 -> 0 | U388: =O388*J388 -> 0 | V388: =P388*J388 -> 0
A389: 113907 | B389: SHREWSBRY | C389: 69 | D389: 101 | E389: 1214 | F389: 0 | G389: 0 | H389: 0 | I389: 0 | J389: =I389-F389 -> 0 | K389: =H389-I389 -> 0 | L389: -0.00066 | M389: -0.00235 | N389: -0.00235 | O389: -0.00238 | P389: -0.0024 | R389: =L389*J389 -> 0 | S389: =M389*J389 -> 0 | T389: =N389*J389 -> 0 | U389: =O389*J389 -> 0 | V389: =P389*J389 -> 0
A390: 113926 | B390: CHERRYST DSL | C390: 4.16 | D390: 101 | E390: 1220 | F390: 16.8 | G390: 0 | H390: 16.8 | I390: 16.8 | J390: =I390-F390 -> 0 | K390: =H390-I390 -> 0 | L390: -0.00066 | M390: -0.00071 | N390: -0.00071 | O390: -0.00074 | P390: -0.00076 | R390: =L390*J390 -> 0 | S390: =M390*J390 -> 0 | T390: =N390*J390 -> 0 | U390: =O390*J390 -> 0 | V390: =P390*J390 -> 0
A391: 114026 | B391: PERRY ST 3 | C391: 13.8 | D391: 101 | E391: 1120 | F391: 0 | G391: 0 | H391: 0 | I391: 0 | J391: =I391-F391 -> 0 | K391: =H391-I391 -> 0 | L391: -0.00066 | M391: 0.00369 | N391: 0.00369 | O391: 0.00366 | P391: 0.00363 | R391: =L391*J391 -> 0 | S391: =M391*J391 -> 0 | T391: =N391*J391 -> 0 | U391: =O391*J391 -> 0 | V391: =P391*J391 -> 0
... A402: 114474 | B402: GE RIVER S&U | C402: 13.8 | D402: 101 | E402: 1130 | F402: 1.14 | G402: 0 | H402: 1.14 | I402: 1.14 | J402: =I402-F402 -> 0 | K402: =H402-I402 -> 0 | L402: -0.00066 | M402: 0.00582 | N402: 0.00582 | O402: 0.00579 | P402: 0.00577 | R402: =L402*J402 -> 0 | S402: =M402*J402 -> 0 | T402: =N402*J402 -> 0 | U402: =O402*J402 -> 0 | V402: =P402*J402 -> 0
A403: 114484 | B403: SALEM 5CT | C403: 18 | D403: 101 | E403: 1130 | F403: 203.25 | G403: 0 | H403: 203.25 | I403: =203.25 -> 203.25 | J403: =I403-F403 -> 0 | K403: =H403-I403 -> 0 | L403: -0.00066 | M403: 0.00426 | N403: 0.00426 | O403: 0.00423 | P403: 0.0042 | R403: =L403*J403 -> 0 | S403: =M403*J403 -> 0 | T403: =N403*J403 -> 0 | U403: =O403*J403 -> 0 | V403: =P403*J403 -> 0
A404: 114485 | B404: SALEM 5ST | C404: 13.8 | D404: 101 | E404: 1130 | F404: 133.75 | G404: 0 | H404: 133.75 | I404: 133.75 | J404: =I404-F404 -> 0 | K404: =H404-I404 -> 0 | L404: -0.00066 | M404: 0.00426 | N404: 0.00426 | O404: 0.00423 | P404: 0.0042 | R404: =L404*J404 -> 0 | S404: =M404*J404 -> 0 | T404: =N404*J404 -> 0 | U404: =O404*J404 -> 0 | V404: =P404*J404 -> 0
A405: 114487 | B405: SALEM 6CT | C405: 18 | D405: 101 | E405: 1130 | F405: 203.25 | G405: 0 | H405: 203.25 | I405: 203.25 | J405: =I405-F405 -> 0 | K405: =H405-I405 -> 0 | L405: -0.00066 | M405: 0.00426 | N405: 0.00426 | O405: 0.00423 | P405: 0.0042 | R405: =L405*J405 -> 0 | S405: =M405*J405 -> 0 | T405: =N405*J405 -> 0 | U405: =O405*J405 -> 0 | V405: =P405*J405 -> 0
A406: 114488 | B406: SALEM 6ST | C406: 13.8 | D406: 101 | E406: 1130 | F406: 133.75 | G406: 0 | H406: 133.75 | I406: 133.75 | J406: =I406-F406 -> 0 | K406: =H406-I406 -> 0 | L406: -0.00066 | M406: 0.00426 | N406: 0.00426 | O406: 0.00423 | P406: 0.0042 | R406: =L406*J406 -> 0 | S406: =M406*J406 -> 0 | T406: =N406*J406 -> 0 | U406: =O406*J406 -> 0 | V406: =P406*J406 -> 0
A407: 114713 | B407: WATERS RVRJ1 | C407: 13.8 | D407: 101 | E407: 1242 | F407: 16.44 | G407: 0 | H407: 16.44 | I407: 16.44 | J407: =I407-F407 -> 0 | K407: =H407-I407 -> 0 | L407: -0.00066 | M407: 0.00413 | N407: 0.00413 | O407: 0.00409 | P407: 0.00407 | R407: =L407*J407 -> 0 | S407: =M407*J407 -> 0 | T407: =N407*J407 -> 0 | U407: =O407*J407 -> 0 | V407: =P407*J407 -> 0
A408: 114714 | B408: WATERS RVRJ2 | C408: 13.8 | D408: 101 | E408: 1242 | F408: 30.79 | G408: 0 | H408: 30.79 | I408: 30.79 | J408: =I408-F408 -> 0 | K408: =H408-I408 -> 0 | L408: -0.00066 | M408: 0.00413 | N408: 0.00413 | O408: 0.0041 | P408: 0.00407 | R408: =L408*J408 -> 0 | S408: =M408*J408 -> 0 | T408: =N408*J408 -> 0 | U408: =O408*J408 -> 0 | V408: =P408*J408 -> 0
A409: 114716 | B409: MMWEC WR | C409: 13.8 | D409: 101 | E409: 1242 | F409: 57.97 | G409: 0 | H409: 57.97 | I409: 57.97 | J409: =I409-F409 -> 0 | K409: =H409-I409 -> 0 | L409: -0.00066 | M409: 0.00413 | N409: 0.00413 | O409: 0.0041 | P409: 0.00407 | R409: =L409*J409 -> 0 | S409: =M409*J409 -> 0 | T409: =N409*J409 -> 0 | U409: =O409*J409 -> 0 | V409: =P409*J409 -> 0
A410: 114728 | B410: MARBLEHEAD A | C410: 23 | D410: 101 | E410: 1246 | F410: 2.5 | G410: 0 | H410: 2.5 | I410: 2.5 | J410: =I410-F410 -> 0 | K410: =H410-I410 -> 0 | L410: -0.00066 | M410: 0.00428 | N410: 0.00428 | O410: 0.00425 | P410: 0.00423 | R410: =L410*J410 -> 0 | S410: =M410*J410 -> 0 | T410: =N410*J410 -> 0 | U410: =O410*J410 -> 0 | V410: =P410*J410 -> 0
A411: 114729 | B411: MARBLEHEAD B | C411: 23 | D411: 101 | E411: 1246 | F411: 2.5 | G411: 0 | H411: 2.5 | I411: 2.5 | J411: =I411-F411 -> 0 | K411: =H411-I411 -> 0 | L411: -0.00066 | M411: 0.00428 | N411: 0.00428 | O411: 0.00425 | P411: 0.00423 | R411: =L411*J411 -> 0 | S411: =M411*J411 -> 0 | T411: =N411*J411 -> 0 | U411: =O411*J411 -> 0 | V411: =P411*J411 -> 0
A412: 114858 | B412: MILFRD MA CT | C412: 13.8 | D412: 101 | E412: 1140 | F412: 109.83 | G412: 0 | H412: 109.83 | I412: 109.83 | J412: =I412-F412 -> 0 | K412: =H412-I412 -> 0 | L412: -0.00066 | M412: -0.00107 | N412: -0.00107 | O412: -0.0011 | P412: -0.00113 | R412: =L412*J412 -> 0 | S412: =M412*J412 -> 0 | T412: =N412*J412 -> 0 | U412: =O412*J412 -> 0 | V412: =P412*J412 -> 0
A413: 114859 | B413: MILFRD MA ST | C413: 13.8 | D413: 101 | E413: 1140 | F413: 92.17 | G413: 0 | H413: 92.17 | I413: 92.17 | J413: =I413-F413 -> 0 | K413: =H413-I413 -> 0 | L413: -0.00066 | M413: -0.00107 | N413: -0.00107 | O413: -0.0011 | P413: -0.00113 | R413: =L413*J413 -> 0 | S413: =M413*J413 -> 0 | T413: =N413*J413 -> 0 | U413: =O413*J413 -> 0 | V413: =P413*J413 -> 0
A414: 114861 | B414: ANP BLLNGHM1 | C414: 21 | D414: 101 | E414: 1140 | F414: 272.39 | G414: 0 | H414: 272.39 | I414: =272.39 -> 272.39 | J414: =I414-F414 -> 0 | K414: =H414-I414 -> 0 | L414: -0.00066 | M414: 0.00196 | N414: 0.00196 | O414: 0.00193 | P414: 0.0019 | R414: =L414*J414 -> 0 | S414: =M414*J414 -> 0 | T414: =N414*J414 -> 0 | U414: =O414*J414 -> 0 | V414: =P414*J414 -> 0
A415: 114862 | B415: ANP BLLNGHM2 | C415: 21 | D415: 101 | E415: 1140 | F415: 272.62 | G415: 0 | H415: 272.62 | I415: 272.62 | J415: =I415-F415 -> 0 | K415: =H415-I415 -> 0 | L415: -0.00066 | M415: 0.00176 | N415: 0.00176 | O415: 0.00173 | P415: 0.0017 | R415: =L415*J415 -> 0 | S415: =M415*J415 -> 0 | T415: =N415*J415 -> 0 | U415: =O415*J415 -> 0 | V415: =P415*J415 -> 0
A416: 115689 | B416: CLEARY G8-9A | C416: 13.8 | D416: 101 | E416: 1254 | F416: 46.82 | G416: 0 | H416: 46.82 | I416: 46.82 | J416: =I416-F416 -> 0 | K416: =H416-I416 -> 0 | L416: -0.00066 | M416: -0.00581 | N416: -0.00581 | O416: -0.00584 | P416: -0.00586 | R416: =L416*J416 -> 0 | S416: =M416*J416 -> 0 | T416: =N416*J416 -> 0 | U416: =O416*J416 -> 0 | V416: =P416*J416 -> 0
A417: 115690 | B417: CLEARY G9 | C417: 13.8 | D417: 101 | E417: 1254 | F417: 84.18 | G417: 0 | H417: 84.18 | I417: 84.18 | J417: =I417-F417 -> 0 | K417: =H417-I417 -> 0 | L417: -0.00066 | M417: -0.00581 | N417: -0.00581 | O417: -0.00584 | P417: -0.00586 | R417: =L417*J417 -> 0 | S417: =M417*J417 -> 0 | T417: =N417*J417 -> 0 | U417: =O417*J417 -> 0 | V417: =P417*J417 -> 0
A418: 115978 | B418: BUNKER CTG | C418: 13.2 | D418: 101 | E418: 1170 | F418: 0 | G418: 0 | H418: 0 | I418: 0 | J418: =I418-F418 -> 0 | K418: =H418-I418 -> 0 | L418: -0.00066 | M418: 0.02708 | N418: 0.02708 | O418: 0.02705 | P418: 0.02703 | R418: =L418*J418 -> 0 | S418: =M418*J418 -> 0 | T418: =N418*J418 -> 0 | U418: =O418*J418 -> 0 | V418: =P418*J418 -> 0
A419: 115979 | B419: BUNKER BESS | C419: 0.4 | D419: 101 | E419: 1170 | F419: 0 | G419: 0 | H419: 0 | I419: 0 | J419: =I419-F419 -> 0 | K419: =H419-I419 -> 0 | L419: -0.00066 | M419: 0.02708 | N419: 0.02708 | O419: 0.02705 | P419: 0.02703 | R419: =L419*J419 -> 0 | S419: =M419*J419 -> 0 | T419: =N419*J419 -> 0 | U419: =O419*J419 -> 0 | V419: =P419*J419 -> 0
A420: 116411 | B420: NORTHFIELD 1 | C420: 13.8 | D420: 101 | E420: 1373 | F420: 292 | G420: 0 | H420: 292 | I420: =292 -> 292 | J420: =I420-F420 -> 0 | K420: =H420-I420 -> 0 | L420: -0.00066 | M420: -0.00112 | N420: -0.00112 | O420: -0.00115 | P420: -0.00117 | R420: =L420*J420 -> 0 | S420: =M420*J420 -> 0 | T420: =N420*J420 -> 0 | U420: =O420*J420 -> 0 | V420: =P420*J420 -> 0
A421: 116412 | B421: NORTHFIELD 2 | C421: 13.8 | D421: 101 | E421: 1373 | F421: 42 | G421: 0 | H421: 292 | I421: 42 | J421: =I421-F421 -> 0 | K421: =H421-I421 -> 250 | L421: -0.00066 | M421: -0.00112 | N421: -0.00112 | O421: -0.00115 | P421: -0.00117 | R421: =L421*J421 -> 0 | S421: =M421*J421 -> 0 | T421: =N421*J421 -> 0 | U421: =O421*J421 -> 0 | V421: =P421*J421 -> 0
A422: 116413 | B422: NORTHFIELD 3 | C422: 13.8 | D422: 101 | E422: 1373 | F422: 0 | G422: 0 | H422: 0 | I422: 0 | J422: =I422-F422 -> 0 | K422: =H422-I422 -> 0 | L422: -0.00066 | M422: -0.00112 | N422: -0.00112 | O422: -0.00115 | P422: -0.00117 | R422: =L422*J422 -> 0 | S422: =M422*J422 -> 0 | T422: =N422*J422 -> 0 | U422: =O422*J422 -> 0 | V422: =P422*J422 -> 0
A423: 116414 | B423: NORTHFIELD 4 | C423: 13.8 | D423: 101 | E423: 1373 | F423: 0 | G423: 0 | H423: 0 | I423: 0 | J423: =I423-F423 -> 0 | K423: =H423-I423 -> 0 | L423: -0.00066 | M423: -0.00112 | N423: -0.00112 | O423: -0.00115 | P423: -0.00117 | R423: =L423*J423 -> 0 | S423: =M423*J423 -> 0 | T423: =N423*J423 -> 0 | U423: =O423*J423 -> 0 | V423: =P423*J423 -> 0
A424: 116417 | B424: STONY BRK 1A | C424: 13.8 | D424: 101 | E424: 1333 | F424: 103.17 | G424: 0 | H424: 103.17 | I424: 103.17 | J424: =I424-F424 -> 0 | K424: =H424-I424 -> 0 | L424: -0.00066 | M424: -0.00195 | N424: -0.00195 | O424: -0.00198 | P424: -0.00201 | R424: =L424*J424 -> 0 | S424: =M424*J424 -> 0 | T424: =N424*J424 -> 0 | U424: =O424*J424 -> 0 | V424: =P424*J424 -> 0
A425: 116418 | B425: STONY BRK 1B | C425: 13.8 | D425: 101 | E425: 1333 | F425: 101.67 | G425: 0 | H425: 101.67 | I425: 101.67 | J425: =I425-F425 -> 0 | K425: =H425-I425 -> 0 | L425: -0.00066 | M425: -0.00195 | N425: -0.00195 | O425: -0.00198 | P425: -0.00201 | R425: =L425*J425 -> 0 | S425: =M425*J425 -> 0 | T425: =N425*J425 -> 0 | U425: =O425*J425 -> 0 | V425: =P425*J425 -> 0
A426: 116419 | B426: STONY BRK 1C | C426: 13.8 | D426: 101 | E426: 1333 | F426: 103.17 | G426: 0 | H426: 103.17 | I426: 103.17 | J426: =I426-F426 -> 0 | K426: =H426-I426 -> 0 | L426: -0.00066 | M426: -0.00195 | N426: -0.00195 | O426: -0.00198 | P426: -0.00201 | R426: =L426*J426 -> 0 | S426: =M426*J426 -> 0 | T426: =N426*J426 -> 0 | U426: =O426*J426 -> 0 | V426: =P426*J426 -> 0
A427: 116420 | B427: STONY BRK 1S | C427: 13.8 | D427: 101 | E427: 1333 | F427: 82.36 | G427: 0 | H427: 82.36 | I427: 82.36 | J427: =I427-F427 -> 0 | K427: =H427-I427 -> 0 | L427: -0.00066 | M427: -0.00195 | N427: -0.00195 | O427: -0.00198 | P427: -0.00201 | R427: =L427*J427 -> 0 | S427: =M427*J427 -> 0 | T427: =N427*J427 -> 0 | U427: =O427*J427 -> 0 | V427: =P427*J427 -> 0
A428: 116421 | B428: STONY BRK 2A | C428: 13.8 | D428: 101 | E428: 1333 | F428: 0 | G428: 0 | H428: 0 | I428: 0 | J428: =I428-F428 -> 0 | K428: =H428-I428 -> 0 | L428: -0.00066 | M428: -0.00195 | N428: -0.00195 | O428: -0.00198 | P428: -0.00201 | R428: =L428*J428 -> 0 | S428: =M428*J428 -> 0 | T428: =N428*J428 -> 0 | U428: =O428*J428 -> 0 | V428: =P428*J428 -> 0
A429: 116422 | B429: STONY BRK 2B | C429: 13.8 | D429: 101 | E429: 1333 | F429: 0 | G429: 0 | H429: 0 | I429: 0 | J429: =I429-F429 -> 0 | K429: =H429-I429 -> 0 | L429: -0.00066 | M429: -0.00195 | N429: -0.00195 | O429: -0.00198 | P429: -0.00201 | R429: =L429*J429 -> 0 | S429: =M429*J429 -> 0 | T429: =N429*J429 -> 0 | U429: =O429*J429 -> 0 | V429: =P429*J429 -> 0
A430: 116433 | B430: ORCHARD | C430: 13.8 | D430: 101 | E430: 1332 | F430: 0 | G430: 0 | H430: 0 | I430: 0 | J430: =I430-F430 -> 0 | K430: =H430-I430 -> 0 | L430: -0.00066 | M430: -0.00208 | N430: -0.00208 | O430: -0.00211 | P430: -0.00214 | R430: =L430*J430 -> 0 | S430: =M430*J430 -> 0 | T430: =N430*J430 -> 0 | U430: =O430*J430 -> 0 | V430: =P430*J430 -> 0
A431: 116438 | B431: MONSANTO_C1 | C431: 13.8 | D431: 101 | E431: 1333 | F431: 84.65 | G431: 0 | H431: 84.65 | I431: 84.65 | J431: =I431-F431 -> 0 | K431: =H431-I431 -> 0 | L431: -0.00066 | M431: -0.00212 | N431: -0.00212 | O431: -0.00215 | P431: -0.00217 | R431: =L431*J431 -> 0 | S431: =M431*J431 -> 0 | T431: =N431*J431 -> 0 | U431: =O431*J431 -> 0 | V431: =P431*J431 -> 0
A432: 116439 | B432: MONSANTO_S1 | C432: 13.8 | D432: 101 | E432: 1333 | F432: 76.01 | G432: 0 | H432: 76.01 | I432: 76.01 | J432: =I432-F432 -> 0 | K432: =H432-I432 -> 0 | L432: -0.00066 | M432: -0.00212 | N432: -0.00212 | O432: -0.00215 | P432: -0.00217 | R432: =L432*J432 -> 0 | S432: =M432*J432 -> 0 | T432: =N432*J432 -> 0 | U432: =O432*J432 -> 0 | V432: =P432*J432 -> 0
... A439: 116495 | B439: SPGFLD RFUSE | C439: 4.16 | D439: 101 | E439: 1334 | F439: 0 | G439: 0 | H439: 0 | I439: 0 | J439: =I439-F439 -> 0 | K439: =H439-I439 -> 0 | L439: -0.00066 | M439: -0.00229 | N439: -0.00229 | O439: -0.00232 | P439: -0.00235 | R439: =L439*J439 -> 0 | S439: =M439*J439 -> 0 | T439: =N439*J439 -> 0 | U439: =O439*J439 -> 0 | V439: =P439*J439 -> 0
A440: 116505 | B440: BERKSHRE_G1 | C440: 21 | D440: 101 | E440: 1333 | F440: 270 | G440: 0 | H440: 270 | I440: =270 -> 270 | J440: =I440-F440 -> 0 | K440: =H440-I440 -> 0 | L440: -0.00066 | M440: -0.00227 | N440: -0.00227 | O440: -0.0023 | P440: -0.00233 | R440: =L440*J440 -> 0 | S440: =M440*J440 -> 0 | T440: =N440*J440 -> 0 | U440: =O440*J440 -> 0 | V440: =P440*J440 -> 0
A441: 116556 | B441: COBBLE MT_G | C441: 6.9 | D441: 101 | E441: 1333 | F441: 19.96 | G441: 0 | H441: 19.96 | I441: 19.96 | J441: =I441-F441 -> 0 | K441: =H441-I441 -> 0 | L441: -0.00066 | M441: -0.00224 | N441: -0.00224 | O441: -0.00227 | P441: -0.0023 | R441: =L441*J441 -> 0 | S441: =M441*J441 -> 0 | T441: =N441*J441 -> 0 | U441: =O441*J441 -> 0 | V441: =P441*J441 -> 0
A442: 116568 | B442: TILSON-1044 | C442: 13.8 | D442: 101 | E442: 1372 | F442: 0 | G442: 0 | H442: 0 | I442: 0 | J442: =I442-F442 -> 0 | K442: =H442-I442 -> 0 | L442: -0.00066 | M442: -0.00168 | N442: -0.00168 | O442: -0.00171 | P442: -0.00174 | R442: =L442*J442 -> 0 | S442: =M442*J442 -> 0 | T442: =N442*J442 -> 0 | U442: =O442*J442 -> 0 | V442: =P442*J442 -> 0
A443: 116569 | B443: TILSON-1113 | C443: 13.8 | D443: 101 | E443: 1372 | F443: 0 | G443: 0 | H443: 0 | I443: 0 | J443: =I443-F443 -> 0 | K443: =H443-I443 -> 0 | L443: -0.00066 | M443: -0.00264 | N443: -0.00264 | O443: -0.00267 | P443: -0.0027 | R443: =L443*J443 -> 0 | S443: =M443*J443 -> 0 | T443: =N443*J443 -> 0 | U443: =O443*J443 -> 0 | V443: =P443*J443 -> 0
A444: 116578 | B444: TURNERS FALS | C444: 2.4 | D444: 101 | E444: 1374 | F444: 0 | G444: 0 | H444: 0 | I444: 0 | J444: =I444-F444 -> 0 | K444: =H444-I444 -> 0 | L444: -0.00066 | M444: -0.00168 | N444: -0.00168 | O444: -0.00171 | P444: -0.00174 | R444: =L444*J444 -> 0 | S444: =M444*J444 -> 0 | T444: =N444*J444 -> 0 | U444: =O444*J444 -> 0 | V444: =P444*J444 -> 0
A445: 116579 | B445: CABOT HYDRO | C445: 13.8 | D445: 101 | E445: 1373 | F445: 64.66 | G445: 0 | H445: 64.66 | I445: 64.66 | J445: =I445-F445 -> 0 | K445: =H445-I445 -> 0 | L445: -0.00066 | M445: -0.00168 | N445: -0.00168 | O445: -0.00171 | P445: -0.00174 | R445: =L445*J445 -> 0 | S445: =M445*J445 -> 0 | T445: =N445*J445 -> 0 | U445: =O445*J445 -> 0 | V445: =P445*J445 -> 0
A446: 116608 | B446: DOREEN JET | C446: 13.2 | D446: 101 | E446: 1374 | F446: 0 | G446: 0 | H446: 0 | I446: 0 | J446: =I446-F446 -> 0 | K446: =H446-I446 -> 0 | L446: -0.00066 | M446: -0.00174 | N446: -0.00174 | O446: -0.00178 | P446: -0.0018 | R446: =L446*J446 -> 0 | S446: =M446*J446 -> 0 | T446: =N446*J446 -> 0 | U446: =O446*J446 -> 0 | V446: =P446*J446 -> 0
A447: 116618 | B447: ALTRESCO_C1 | C447: 13.8 | D447: 101 | E447: 1373 | F447: 33.65 | G447: 0 | H447: 33.65 | I447: 33.65 | J447: =I447-F447 -> 0 | K447: =H447-I447 -> 0 | L447: -0.00066 | M447: -0.00174 | N447: -0.00174 | O447: -0.00178 | P447: -0.0018 | R447: =L447*J447 -> 0 | S447: =M447*J447 -> 0 | T447: =N447*J447 -> 0 | U447: =O447*J447 -> 0 | V447: =P447*J447 -> 0
A448: 116619 | B448: ALTRESCO_C2 | C448: 13.8 | D448: 101 | E448: 1373 | F448: 33.65 | G448: 0 | H448: 33.65 | I448: 33.65 | J448: =I448-F448 -> 0 | K448: =H448-I448 -> 0 | L448: -0.00066 | M448: -0.00174 | N448: -0.00174 | O448: -0.00178 | P448: -0.0018 | R448: =L448*J448 -> 0 | S448: =M448*J448 -> 0 | T448: =N448*J448 -> 0 | U448: =O448*J448 -> 0 | V448: =P448*J448 -> 0
A449: 116620 | B449: ALTRESCO_C3 | C449: 13.8 | D449: 101 | E449: 1373 | F449: 31.58 | G449: 0 | H449: 33.65 | I449: 31.58 | J449: =I449-F449 -> 0 | K449: =H449-I449 -> 2.07 | L449: -0.00066 | M449: -0.00174 | N449: -0.00174 | O449: -0.00178 | P449: -0.0018 | R449: =L449*J449 -> 0 | S449: =M449*J449 -> 0 | T449: =N449*J449 -> 0 | U449: =O449*J449 -> 0 | V449: =P449*J449 -> 0
A450: 116621 | B450: ALTRESCO_S4 | C450: 13.8 | D450: 101 | E450: 1373 | F450: 0 | G450: 0 | H450: 0 | I450: 0 | J450: =I450-F450 -> 0 | K450: =H450-I450 -> 0 | L450: -0.00066 | M450: -0.00174 | N450: -0.00174 | O450: -0.00178 | P450: -0.0018 | R450: =L450*J450 -> 0 | S450: =M450*J450 -> 0 | T450: =N450*J450 -> 0 | U450: =O450*J450 -> 0 | V450: =P450*J450 -> 0
A451: 116627 | B451: BERKSHRE WND | C451: 0.57 | D451: 101 | E451: 1374 | F451: 0 | G451: 0 | H451: 0 | I451: 0 | J451: =I451-F451 -> 0 | K451: =H451-I451 -> 0 | L451: -0.00066 | M451: -0.00173 | N451: -0.00173 | O451: -0.00176 | P451: -0.00179 | R451: =L451*J451 -> 0 | S451: =M451*J451 -> 0 | T451: =N451*J451 -> 0 | U451: =O451*J451 -> 0 | V451: =P451*J451 -> 0
A452: 116638 | B452: WOODLAND JET | C452: 13.2 | D452: 101 | E452: 1374 | F452: 0 | G452: 0 | H452: 0 | I452: 0 | J452: =I452-F452 -> 0 | K452: =H452-I452 -> 0 | L452: -0.00066 | M452: -0.00183 | N452: -0.00183 | O452: -0.00186 | P452: -0.00188 | R452: =L452*J452 -> 0 | S452: =M452*J452 -> 0 | T452: =N452*J452 -> 0 | U452: =O452*J452 -> 0 | V452: =P452*J452 -> 0
... A455: 117030 | B455: OCEAN ST GT2 | C455: 13.8 | D455: 101 | E455: 1400 | F455: 77.46 | G455: 0 | H455: 77.46 | I455: 77.46 | J455: =I455-F455 -> 0 | K455: =H455-I455 -> 0 | L455: -0.00066 | M455: -0.00512 | N455: -0.00512 | O455: -0.00515 | P455: -0.00518 | R455: =L455*J455 -> 0 | S455: =M455*J455 -> 0 | T455: =N455*J455 -> 0 | U455: =O455*J455 -> 0 | V455: =P455*J455 -> 0
A456: 117031 | B456: OCEAN ST ST1 | C456: 13.8 | D456: 101 | E456: 1400 | F456: 117.42 | G456: 0 | H456: 117.42 | I456: =117.42 -> 117.42 | J456: =I456-F456 -> 0 | K456: =H456-I456 -> 0 | L456: -0.00066 | M456: -0.00512 | N456: -0.00512 | O456: -0.00515 | P456: -0.00518 | R456: =L456*J456 -> 0 | S456: =M456*J456 -> 0 | T456: =N456*J456 -> 0 | U456: =O456*J456 -> 0 | V456: =P456*J456 -> 0
A457: 117032 | B457: OCEAN ST GT3 | C457: 13.8 | D457: 101 | E457: 1400 | F457: 78.17 | G457: 0 | H457: 78.17 | I457: 78.17 | J457: =I457-F457 -> 0 | K457: =H457-I457 -> 0 | L457: -0.00066 | M457: -0.00512 | N457: -0.00512 | O457: -0.00515 | P457: -0.00518 | R457: =L457*J457 -> 0 | S457: =M457*J457 -> 0 | T457: =N457*J457 -> 0 | U457: =O457*J457 -> 0 | V457: =P457*J457 -> 0
A458: 117033 | B458: OCEAN ST GT4 | C458: 13.8 | D458: 101 | E458: 1400 | F458: 78.17 | G458: 0 | H458: 78.17 | I458: 78.17 | J458: =I458-F458 -> 0 | K458: =H458-I458 -> 0 | L458: -0.00066 | M458: -0.00512 | N458: -0.00512 | O458: -0.00515 | P458: -0.00518 | R458: =L458*J458 -> 0 | S458: =M458*J458 -> 0 | T458: =N458*J458 -> 0 | U458: =O458*J458 -> 0 | V458: =P458*J458 -> 0
A459: 117034 | B459: OCEAN ST ST2 | C459: 13.8 | D459: 101 | E459: 1400 | F459: 118.49 | G459: 0 | H459: 118.49 | I459: 118.49 | J459: =I459-F459 -> 0 | K459: =H459-I459 -> 0 | L459: -0.00066 | M459: -0.00512 | N459: -0.00512 | O459: -0.00515 | P459: -0.00518 | R459: =L459*J459 -> 0 | S459: =M459*J459 -> 0 | T459: =N459*J459 -> 0 | U459: =O459*J459 -> 0 | V459: =P459*J459 -> 0
...
