Workbook

Sheet PRDcalc (2)
A1: ****** Plant Redispatch calculator ******* !!!! Please - edit only columns 'Status' & 'Pnew' !!!!!***
A3: Flows
A4: NN | B4: LFCaseName | C4: Monitored Element | I4: Contingency | J4: Limit | K4: FlowInit | L4: FlowRes | M4: FlowChange | N4: Loading
A5: 1 | C5: ALPHA_SUBS 115 BETA_SUBS 115 1 | I5: LINE_ALP-BET_TRIP | J5: 500 | K5: 490 | L5: ='PRDcalc (2)'!K5+'PRDcalc (2)'!M5 | M5: =R12 | N5: ='PRDcalc (2)'!L5/'PRDcalc (2)'!J5
A6: 2 | C6: GAMMA_SUBS 115 DELTA_SUBS 115 1 | I6: LINE_ALP-BET_TRIP | J6: 350 | K6: 280 | L6: ='PRDcalc (2)'!K6+'PRDcalc (2)'!M6 | M6: =S12 | N6: ='PRDcalc (2)'!L6/'PRDcalc (2)'!J6
A7: 3 | C7: EPSILON_SUBS 115 ZETA_SUBS 115 1 | I7: LINE_ALP-BET_TRIP | J7: 400 | K7: 360 | L7: ='PRDcalc (2)'!K7+'PRDcalc (2)'!M7 | M7: =T12 | N7: ='PRDcalc (2)'!L7/'PRDcalc (2)'!J7
A8: 4 | C8: ETA_SUBS 115 THETA_SUBS 115 1 | I8: LINE_ALP-BET_TRIP | J8: 300 | K8: 240 | L8: ='PRDcalc (2)'!K8+'PRDcalc (2)'!M8 | M8: =U12 | N8: ='PRDcalc (2)'!L8/'PRDcalc (2)'!J8
A9: 5 | C9: IOTA_SUBS 115 KAPPA_SUBS 115 1 | I9: LINE_ALP-BET_TRIP | J9: 600 | K9: 500 | L9: ='PRDcalc (2)'!K9+'PRDcalc (2)'!M9 | M9: =V12 | N9: ='PRDcalc (2)'!L9/'PRDcalc (2)'!J9
A12: Dispatch | J12: =SUM(J14:J35) | R12: =SUM(R14:R35) | S12: =SUM(S14:S35) | T12: =SUM(T14:T35) | U12: =SUM(U14:U35) | V12: =SUM(V14:V35)
A13: Bus# | B13: Bus Name | C13: Volt | D13: Area | E13: Zone | F13: Pgen or Pload | G13: PMin Gen | H13: PMax Gen | I13: Pnew | J13: Pdelta | K13: Pavail | L13: Dfax_1 | M13: Dfax_2 | N13: Dfax_3 | O13: Dfax_4 | P13: Dfax_5 | Q13: --- | R13: Impact_1 | S13: Impact_2 | T13: Impact_3 | U13: Impact_4 | V13: Impact_5
A14: 800001 | B14: SAMPLE_BESS | C14: 115 | D14: 1 | E14: 1000 | F14: 0 | G14: 0 | H14: 100 | I14: 0 | J14: =I14-F14 | K14: =H14-I14 | L14: 0.523 | M14: 0.312 | N14: 0.287 | O14: 0.156 | P14: 0.098 | R14: =L14*J14 | S14: =M14*J14 | T14: =N14*J14 | U14: =O14*J14 | V14: =P14*J14
A15: 800002 | B15: ALPHA_GAS_1 | C15: 13.8 | D15: 1 | E15: 1000 | F15: 150 | G15: 0 | H15: 200 | I15: 150 | J15: =I15-F15 | K15: =H15-I15 | L15: 0.445 | M15: 0.265 | N15: 0.241 | O15: 0.132 | P15: 0.082 | R15: =L15*J15 | S15: =M15*J15 | T15: =N15*J15 | U15: =O15*J15 | V15: =P15*J15
A16: 800003 | B16: ALPHA_GAS_2 | C16: 13.8 | D16: 1 | E16: 1000 | F16: 120 | G16: 0 | H16: 180 | I16: 120 | J16: =I16-F16 | K16: =H16-I16 | L16: 0.421 | M16: 0.251 | N16: 0.228 | O16: 0.124 | P16: 0.077 | R16: =L16*J16 | S16: =M16*J16 | T16: =N16*J16 | U16: =O16*J16 | V16: =P16*J16
A17: 800004 | B17: BETA_GAS_A | C17: 13.8 | D17: 1 | E17: 1002 | F17: 90 | G17: 0 | H17: 135 | I17: 90 | J17: =I17-F17 | K17: =H17-I17 | L17: 0.384 | M17: 0.229 | N17: 0.208 | O17: 0.113 | P17: 0.07 | R17: =L17*J17 | S17: =M17*J17 | T17: =N17*J17 | U17: =O17*J17 | V17: =P17*J17
A18: 800005 | B18: BETA_GAS_B | C18: 13.8 | D18: 1 | E18: 1002 | F18: 85 | G18: 0 | H18: 130 | I18: 85 | J18: =I18-F18 | K18: =H18-I18 | L18: 0.372 | M18: 0.222 | N18: 0.201 | O18: 0.109 | P18: 0.068 | R18: =L18*J18 | S18: =M18*J18 | T18: =N18*J18 | U18: =O18*J18 | V18: =P18*J18
A19: 800006 | B19: GAMMA_JET | C19: 13.8 | D19: 1 | E19: 1004 | F19: 45 | G19: 0 | H19: 70 | I19: 45 | J19: =I19-F19 | K19: =H19-I19 | L19: 0.298 | M19: 0.178 | N19: 0.161 | O19: 0.088 | P19: 0.054 | R19: =L19*J19 | S19: =M19*J19 | T19: =N19*J19 | U19: =O19*J19 | V19: =P19*J19
A20: 800007 | B20: DELTA_GAS | C20: 13.8 | D20: 1 | E20: 1004 | F20: 60 | G20: 0 | H20: 95 | I20: 60 | J20: =I20-F20 | K20: =H20-I20 | L20: 0.276 | M20: 0.165 | N20: 0.149 | O20: 0.081 | P20: 0.05 | R20: =L20*J20 | S20: =M20*J20 | T20: =N20*J20 | U20: =O20*J20 | V20: =P20*J20
A21: 800008 | B21: EPSILON_WIND | C21: 0.69 | D21: 1 | E21: 1010 | F21: 25 | G21: 0 | H21: 25 | I21: 25 | J21: =I21-F21 | K21: =H21-I21 | L21: 0.198 | M21: 0.118 | N21: 0.107 | O21: 0.058 | P21: 0.036 | R21: =L21*J21 | S21: =M21*J21 | T21: =N21*J21 | U21: =O21*J21 | V21: =P21*J21
A22: 800009 | B22: ZETA_SOLAR | C22: 0.69 | D22: 1 | E22: 1010 | F22: 18 | G22: 0 | H22: 18 | I22: 18 | J22: =I22-F22 | K22: =H22-I22 | L22: 0.187 | M22: 0.112 | N22: 0.101 | O22: 0.055 | P22: 0.034 | R22: =L22*J22 | S22: =M22*J22 | T22: =N22*J22 | U22: =O22*J22 | V22: =P22*J22
A23: 800010 | B23: ETA_HYDRO | C23: 13.8 | D23: 1 | E23: 1010 | F23: 40 | G23: 0 | H23: 60 | I23: 40 | J23: =I23-F23 | K23: =H23-I23 | L23: 0.175 | M23: 0.105 | N23: 0.095 | O23: 0.051 | P23: 0.032 | R23: =L23*J23 | S23: =M23*J23 | T23: =N23*J23 | U23: =O23*J23 | V23: =P23*J23
A24: 800011 | B24: THETA_GAS | C24: 13.8 | D24: 1 | E24: 4000 | F24: 80 | G24: 0 | H24: 120 | I24: 80 | J24: =I24-F24 | K24: =H24-I24 | L24: 0.082 | M24: 0.049 | N24: 0.044 | O24: 0.024 | P24: 0.015 | R24: =L24*J24 | S24: =M24*J24 | T24: =N24*J24 | U24: =O24*J24 | V24: =P24*J24
A25: 800012 | B25: IOTA_GAS | C25: 13.8 | D25: 1 | E25: 4000 | F25: 70 | G25: 0 | H25: 110 | I25: 70 | J25: =I25-F25 | K25: =H25-I25 | L25: 0.071 | M25: 0.042 | N25: 0.038 | O25: 0.021 | P25: 0.013 | R25: =L25*J25 | S25: =M25*J25 | T25: =N25*J25 | U25: =O25*J25 | V25: =P25*J25
... A35: 999902 | B35: NYPA_IMPORT | C35: 345 | D35: 1 | E35: 4000 | F35: 500 | G35: 0 | H35: 600 | I35: 500 | J35: =I35-F35 | K35: =H35-I35 | L35: -0.098 | M35: -0.058 | N35: -0.053 | O35: -0.029 | P35: -0.018 | R35: =L35*J35 | S35: =M35*J35 | T35: =N35*J35 | U35: =O35*J35 | V35: =P35*J35

Sheet PRDcalc
A1: ****** Plant Redispatch calculator ******* !!!! Please - edit only columns 'Status' & 'Pnew' !!!!!***
A3: Flows
A4: NN | B4: LFCaseName | C4: Monitored Element | I4: Contingency | J4: Limit | K4: FlowInit | L4: FlowRes | M4: FlowChange | N4: Loading
A5: 1 | C5: GAMMA_SUBS 115 DELTA_SUBS 115 1 | I5: LINE_GAM-DEL_TRIP | J5: 400 | K5: 385 | L5: ='PRDcalc'!K5+'PRDcalc'!M5 | M5: =R12 | N5: ='PRDcalc'!L5/'PRDcalc'!J5
A6: 2 | C6: ETA_SUBS 115 THETA_SUBS 115 1 | I6: LINE_GAM-DEL_TRIP | J6: 280 | K6: 220 | L6: ='PRDcalc'!K6+'PRDcalc'!M6 | M6: =S12 | N6: ='PRDcalc'!L6/'PRDcalc'!J6
A7: 3 | C7: ALPHA_SUBS 115 BETA_SUBS 115 1 | I7: LINE_GAM-DEL_TRIP | J7: 500 | K7: 420 | L7: ='PRDcalc'!K7+'PRDcalc'!M7 | M7: =T12 | N7: ='PRDcalc'!L7/'PRDcalc'!J7
A8: 4 | C8: LAMBDA_SUBS 115 MU_SUBS 115 1 | I8: LINE_GAM-DEL_TRIP | J8: 350 | K8: 270 | L8: ='PRDcalc'!K8+'PRDcalc'!M8 | M8: =U12 | N8: ='PRDcalc'!L8/'PRDcalc'!J8
A9: 5 | C9: NU_SUBS 115 XI_SUBS 115 1 | I9: LINE_GAM-DEL_TRIP | J9: 450 | K9: 380 | L9: ='PRDcalc'!K9+'PRDcalc'!M9 | M9: =V12 | N9: ='PRDcalc'!L9/'PRDcalc'!J9
A12: Dispatch | J12: =SUM(J14:J35) | R12: =SUM(R14:R35) | S12: =SUM(S14:S35) | T12: =SUM(T14:T35) | U12: =SUM(U14:U35) | V12: =SUM(V14:V35)
A13: Bus# | B13: Bus Name | C13: Volt | D13: Area | E13: Zone | F13: Pgen or Pload | G13: PMin Gen | H13: PMax Gen | I13: Pnew | J13: Pdelta | K13: Pavail | L13: Dfax_1 | M13: Dfax_2 | N13: Dfax_3 | O13: Dfax_4 | P13: Dfax_5 | Q13: --- | R13: Impact_1 | S13: Impact_2 | T13: Impact_3 | U13: Impact_4 | V13: Impact_5
A14: 800001 | B14: SAMPLE_BESS | C14: 115 | D14: 1 | E14: 1000 | F14: 0 | G14: 0 | H14: 100 | I14: 0 | J14: =I14-F14 | K14: =H14-I14 | L14: 0.351 | M14: 0.198 | N14: 0.312 | O14: 0.087 | P14: 0.143 | R14: =L14*J14 | S14: =M14*J14 | T14: =N14*J14 | U14: =O14*J14 | V14: =P14*J14
A15: 800002 | B15: ALPHA_GAS_1 | C15: 13.8 | D15: 1 | E15: 1000 | F15: 150 | G15: 0 | H15: 200 | I15: 150 | J15: =I15-F15 | K15: =H15-I15 | L15: 0.298 | M15: 0.168 | N15: 0.264 | O15: 0.074 | P15: 0.121 | R15: =L15*J15 | S15: =M15*J15 | T15: =N15*J15 | U15: =O15*J15 | V15: =P15*J15
A16: 800003 | B16: ALPHA_GAS_2 | C16: 13.8 | D16: 1 | E16: 1000 | F16: 120 | G16: 0 | H16: 180 | I16: 120 | J16: =I16-F16 | K16: =H16-I16 | L16: 0.281 | M16: 0.159 | N16: 0.25 | O16: 0.07 | P16: 0.114 | R16: =L16*J16 | S16: =M16*J16 | T16: =N16*J16 | U16: =O16*J16 | V16: =P16*J16
A17: 800004 | B17: BETA_GAS_A | C17: 13.8 | D17: 1 | E17: 1002 | F17: 90 | G17: 0 | H17: 135 | I17: 90 | J17: =I17-F17 | K17: =H17-I17 | L17: 0.256 | M17: 0.145 | N17: 0.228 | O17: 0.063 | P17: 0.104 | R17: =L17*J17 | S17: =M17*J17 | T17: =N17*J17 | U17: =O17*J17 | V17: =P17*J17
A18: 800005 | B18: BETA_GAS_B | C18: 13.8 | D18: 1 | E18: 1002 | F18: 85 | G18: 0 | H18: 130 | I18: 85 | J18: =I18-F18 | K18: =H18-I18 | L18: 0.248 | M18: 0.14 | N18: 0.221 | O18: 0.061 | P18: 0.101 | R18: =L18*J18 | S18: =M18*J18 | T18: =N18*J18 | U18: =O18*J18 | V18: =P18*J18
A19: 800006 | B19: GAMMA_JET | C19: 13.8 | D19: 1 | E19: 1004 | F19: 45 | G19: 0 | H19: 70 | I19: 45 | J19: =I19-F19 | K19: =H19-I19 | L19: 0.199 | M19: 0.112 | N19: 0.177 | O19: 0.049 | P19: 0.081 | R19: =L19*J19 | S19: =M19*J19 | T19: =N19*J19 | U19: =O19*J19 | V19: =P19*J19
A20: 800007 | B20: DELTA_GAS | C20: 13.8 | D20: 1 | E20: 1004 | F20: 60 | G20: 0 | H20: 95 | I20: 60 | J20: =I20-F20 | K20: =H20-I20 | L20: 0.184 | M20: 0.104 | N20: 0.163 | O20: 0.046 | P20: 0.075 | R20: =L20*J20 | S20: =M20*J20 | T20: =N20*J20 | U20: =O20*J20 | V20: =P20*J20
A21: 800008 | B21: EPSILON_WIND | C21: 0.69 | D21: 1 | E21: 1010 | F21: 25 | G21: 0 | H21: 25 | I21: 25 | J21: =I21-F21 | K21: =H21-I21 | L21: 0.132 | M21: 0.074 | N21: 0.117 | O21: 0.033 | P21: 0.054 | R21: =L21*J21 | S21: =M21*J21 | T21: =N21*J21 | U21: =O21*J21 | V21: =P21*J21
A22: 800009 | B22: ZETA_SOLAR | C22: 0.69 | D22: 1 | E22: 1010 | F22: 18 | G22: 0 | H22: 18 | I22: 18 | J22: =I22-F22 | K22: =H22-I22 | L22: 0.125 | M22: 0.07 | N22: 0.111 | O22: 0.031 | P22: 0.051 | R22: =L22*J22 | S22: =M22*J22 | T22: =N22*J22 | U22: =O22*J22 | V22: =P22*J22
A23: 800010 | B23: ETA_HYDRO | C23: 13.8 | D23: 1 | E23: 1010 | F23: 40 | G23: 0 | H23: 60 | I23: 40 | J23: =I23-F23 | K23: =H23-I23 | L23: 0.117 | M23: 0.066 | N23: 0.104 | O23: 0.029 | P23: 0.048 | R23: =L23*J23 | S23: =M23*J23 | T23: =N23*J23 | U23: =O23*J23 | V23: =P23*J23
A24: 800011 | B24: THETA_GAS | C24: 13.8 | D24: 1 | E24: 4000 | F24: 80 | G24: 0 | H24: 120 | I24: 80 | J24: =I24-F24 | K24: =H24-I24 | L24: 0.055 | M24: 0.031 | N24: 0.049 | O24: 0.014 | P24: 0.022 | R24: =L24*J24 | S24: =M24*J24 | T24: =N24*J24 | U24: =O24*J24 | V24: =P24*J24
A25: 800012 | B25: IOTA_GAS | C25: 13.8 | D25: 1 | E25: 4000 | F25: 70 | G25: 0 | H25: 110 | I25: 70 | J25: =I25-F25 | K25: =H25-I25 | L25: 0.047 | M25: 0.027 | N25: 0.042 | O25: 0.012 | P25: 0.019 | R25: =L25*J25 | S25: =M25*J25 | T25: =N25*J25 | U25: =O25*J25 | V25: =P25*J25
... A35: 999902 | B35: NYPA_IMPORT | C35: 345 | D35: 1 | E35: 4000 | F35: 500 | G35: 0 | H35: 600 | I35: 500 | J35: =I35-F35 | K35: =H35-I35 | L35: -0.065 | M35: -0.037 | N35: -0.058 | O35: -0.016 | P35: -0.027 | R35: =L35*J35 | S35: =M35*J35 | T35: =N35*J35 | U35: =O35*J35 | V35: =P35*J35
